{
  "routes": [
    {
      "id": 1,
      "name": "经典汉中三日游",
      "englishName": "Classic Hanzhong 3-Day Tour",
      "duration": "3天2夜",
      "price": 680,
      "difficulty": "轻松",
      "image": "img/route-classic.jpg",
      "description": "这是最受欢迎的汉中经典路线，涵盖了汉中最具代表性的景点，让您在短时间内领略汉中的自然风光和历史文化。",
      "highlights": [
        "石门栈道历史文化体验",
        "朱鹮梨园生态观光",
        "武侯祠三国文化探寻",
        "汉中美食品鉴"
      ],
      "itinerary": [
        {
          "day": 1,
          "title": "抵达汉中·历史文化之旅",
          "activities": [
            "上午：抵达汉中，入住酒店",
            "下午：参观石门栈道，了解古代交通文化",
            "晚上：品尝汉中热面皮等特色小吃"
          ]
        },
        {
          "day": 2,
          "title": "自然生态·朱鹮观赏",
          "activities": [
            "上午：前往朱鹮梨园，观赏朱鹮和梨花",
            "下午：游览周边生态景观",
            "晚上：汉中市区自由活动"
          ]
        },
        {
          "day": 3,
          "title": "三国文化·愉快返程",
          "activities": [
            "上午：参观勉县武侯祠，感受三国文化",
            "下午：购买特产，愉快返程"
          ]
        }
      ],
      "include": [
        "2晚住宿",
        "景点门票",
        "专业导游",
        "旅游保险"
      ],
      "exclude": [
        "往返交通费",
        "餐费",
        "个人消费"
      ],
      "bestTime": "春季（3-5月）、秋季（9-11月）",
      "groupSize": "2-30人",
      "tips": [
        "建议提前预订酒店",
        "春季梨花期需提前预约",
        "携带舒适的步行鞋"
      ]
    },
    {
      "id": 2,
      "name": "汉中美食文化之旅",
      "englishName": "Hanzhong Culinary Culture Tour",
      "duration": "2天1夜",
      "price": 420,
      "difficulty": "轻松",
      "image": "img/route-food.jpg",
      "description": "专为美食爱好者设计的路线，深度体验汉中的饮食文化，品尝地道的汉中美食，学习传统制作工艺。",
      "highlights": [
        "热面皮制作体验",
        "传统农家菜品尝",
        "汉中黄酒品鉴",
        "美食街夜市探访"
      ],
      "itinerary": [
        {
          "day": 1,
          "title": "美食制作体验日",
          "activities": [
            "上午：抵达汉中，参观热面皮制作工坊",
            "下午：农家菜制作体验，品尝菜豆腐等特色菜",
            "晚上：美食街夜市探访，品尝各种小吃"
          ]
        },
        {
          "day": 2,
          "title": "传统工艺·文化体验",
          "activities": [
            "上午：参观汉中黄酒酿造厂，品鉴黄酒",
            "下午：特产采购，制作汉中特色糕点"
          ]
        }
      ],
      "include": [
        "1晚住宿",
        "美食体验费用",
        "制作工具使用",
        "专业美食导游"
      ],
      "exclude": [
        "往返交通费",
        "部分餐费",
        "个人消费"
      ],
      "bestTime": "全年适宜",
      "groupSize": "2-15人",
      "tips": [
        "建议穿着舒适的衣服",
        "可以带走自制的美食",
        "有食物过敏请提前告知"
      ]
    },
    {
      "id": 3,
      "name": "汉中自然生态深度游",
      "englishName": "Hanzhong Nature Ecology Deep Tour",
      "duration": "4天3夜",
      "price": 980,
      "difficulty": "中等",
      "image": "img/route-nature.jpg",
      "description": "适合喜欢自然风光的游客，深入汉中的自然保护区，观察珍稀动植物，体验原生态的自然环境。",
      "highlights": [
        "朱鹮自然保护区深度探访",
        "汉水源头生态徒步",
        "秦岭南麓原始森林",
        "野生动植物摄影"
      ],
      "itinerary": [
        {
          "day": 1,
          "title": "朱鹮保护区深度探访",
          "activities": [
            "上午：抵达洋县，入住生态酒店",
            "下午：朱鹮保护区专业导览",
            "晚上：观鸟知识讲座"
          ]
        },
        {
          "day": 2,
          "title": "汉水源头生态徒步",
          "activities": [
            "上午：前往宁强县汉水源头",
            "下午：源头生态徒步，原始森林探索",
            "晚上：篝火晚会，当地文化交流"
          ]
        },
        {
          "day": 3,
          "title": "秦岭南麓自然探索",
          "activities": [
            "上午：秦岭南麓徒步",
            "下午：野生动植物观察与拍摄",
            "晚上：生态保护主题分享"
          ]
        },
        {
          "day": 4,
          "title": "总结分享·返程",
          "activities": [
            "上午：生态摄影作品分享",
            "下午：购买生态产品，返程"
          ]
        }
      ],
      "include": [
        "3晚生态酒店住宿",
        "专业生态导游",
        "徒步装备使用",
        "保护区门票",
        "旅游保险"
      ],
      "exclude": [
        "往返交通费",
        "餐费",
        "个人装备",
        "摄影器材"
      ],
      "bestTime": "春季（4-5月）、秋季（9-10月）",
      "groupSize": "6-12人",
      "tips": [
        "需要一定的徒步能力",
        "建议携带专业户外装备",
        "保护环境，不留垃圾"
      ]
    },
    {
      "id": 4,
      "name": "汉中历史文化探索之旅",
      "englishName": "Hanzhong Historical Culture Explorer Tour",
      "duration": "3天2夜",
      "price": 750,
      "difficulty": "轻松",
      "image": "img/route-culture.jpg",
      "description": "专为历史文化爱好者设计，深度探索汉中丰富的历史文化遗产，了解汉文化的起源和发展。",
      "highlights": [
        "石门栈道古代工程奇迹",
        "武侯祠三国历史文化",
        "张良庙汉初历史",
        "汉文化博物馆参观"
      ],
      "itinerary": [
        {
          "day": 1,
          "title": "古代交通文明探索",
          "activities": [
            "上午：抵达汉中，参观石门栈道",
            "下午：褒河栈道历史文化体验",
            "晚上：汉文化主题晚会"
          ]
        },
        {
          "day": 2,
          "title": "三国文化深度体验",
          "activities": [
            "上午：勉县武侯祠深度参观",
            "下午：三国历史文化讲座",
            "晚上：汉中市区历史街区漫步"
          ]
        },
        {
          "day": 3,
          "title": "汉初历史文化",
          "activities": [
            "上午：张良庙参观",
            "下午：汉文化博物馆，返程"
          ]
        }
      ],
      "include": [
        "2晚文化主题酒店住宿",
        "所有景点门票",
        "专业历史导游",
        "文化讲座费用",
        "旅游保险"
      ],
      "exclude": [
        "往返交通费",
        "餐费",
        "个人消费"
      ],
      "bestTime": "全年适宜",
      "groupSize": "5-25人",
      "tips": [
        "建议提前了解相关历史背景",
        "可以购买历史文化书籍",
        "尊重文物古迹"
      ]
    },
    {
      "id": 5,
      "name": "汉中亲子家庭游",
      "englishName": "Hanzhong Family Tour",
      "duration": "2天1夜",
      "price": 450,
      "difficulty": "轻松",
      "image": "img/route-family.jpg",
      "description": "专为家庭游客设计的轻松愉快路线，既能让孩子了解历史文化，又能享受自然风光，寓教于乐。",
      "highlights": [
        "朱鹮科普教育",
        "热面皮制作体验",
        "三国故事互动体验",
        "亲子游戏活动"
      ],
      "itinerary": [
        {
          "day": 1,
          "title": "自然科普·动手体验",
          "activities": [
            "上午：朱鹮梨园亲子观鸟活动",
            "下午：热面皮制作亲子体验",
            "晚上：汉中儿童公园游玩"
          ]
        },
        {
          "day": 2,
          "title": "历史故事·快乐返程",
          "activities": [
            "上午：武侯祠三国故事互动体验",
            "下午：特产购买，愉快返程"
          ]
        }
      ],
      "include": [
        "1晚家庭酒店住宿",
        "儿童活动费用",
        "亲子体验项目",
        "景点门票",
        "专业亲子导游"
      ],
      "exclude": [
        "往返交通费",
        "餐费",
        "个人消费"
      ],
      "bestTime": "春季（4-5月）、秋季（9-10月）",
      "groupSize": "1-8个家庭",
      "tips": [
        "适合6岁以上儿童参加",
        "携带儿童常用药品",
        "注意儿童安全"
      ]
    },
    {
      "id": 6,
      "name": "汉中摄影采风之旅",
      "englishName": "Hanzhong Photography Tour",
      "duration": "5天4夜",
      "price": 1200,
      "difficulty": "中等",
      "image": "img/route-photo.jpg",
      "description": "专为摄影爱好者设计的深度采风路线，捕捉汉中最美的自然风光和人文景观，创作出色的摄影作品。",
      "highlights": [
        "朱鹮梨园春季花鸟摄影",
        "石门栈道古建筑摄影",
        "汉江源头自然风光",
        "汉中民俗人文摄影"
      ],
      "itinerary": [
        {
          "day": 1,
          "title": "花鸟生态摄影",
          "activities": [
            "清晨：朱鹮梨园日出摄影",
            "上午：朱鹮飞翔瞬间捕捉",
            "下午：梨花微距摄影",
            "傍晚：田园风光夕阳摄影"
          ]
        },
        {
          "day": 2,
          "title": "古建筑人文摄影",
          "activities": [
            "上午：石门栈道建筑摄影",
            "下午：武侯祠古建筑群",
            "晚上：汉中古城夜景摄影"
          ]
        },
        {
          "day": 3,
          "title": "自然风光摄影",
          "activities": [
            "清晨：汉江源头日出",
            "上午：山水风光摄影",
            "下午：森林植被细节拍摄",
            "傍晚：山区云海摄影"
          ]
        },
        {
          "day": 4,
          "title": "民俗文化摄影",
          "activities": [
            "上午：传统手工艺拍摄",
            "下午：汉中民俗活动记录",
            "晚上：作品交流分享"
          ]
        },
        {
          "day": 5,
          "title": "作品整理·返程",
          "activities": [
            "上午：作品整理与后期指导",
            "下午：摄影心得交流，返程"
          ]
        }
      ],
      "include": [
        "4晚摄影主题酒店住宿",
        "专业摄影导游",
        "摄影点位安排",
        "后期制作指导",
        "旅游保险"
      ],
      "exclude": [
        "往返交通费",
        "餐费",
        "摄影器材",
        "个人消费"
      ],
      "bestTime": "春季（3-5月）梨花期最佳",
      "groupSize": "6-15人",
      "tips": [
        "需要携带专业摄影设备",
        "部分拍摄需要早起",
        "注意保护摄影设备"
      ]
    }
  ]
} 